[{"model": "events.category", "pk": 1, "fields": {"name": "SCIENCE", "description": "Science Event related programs."}}, {"model": "events.category", "pk": 2, "fields": {"name": "CULTURAL", "description": "Cultural Event related programs."}}, {"model": "events.category", "pk": 3, "fields": {"name": "BUSINESS", "description": "Business Event related programs."}}, {"model": "events.category", "pk": 4, "fields": {"name": "SPORTS", "description": "Sports Event related programs."}}, {"model": "events.category", "pk": 5, "fields": {"name": "TECH", "description": "Tech Event related programs."}}, {"model": "events.category", "pk": 6, "fields": {"name": "OTHER", "description": "Other related programs."}}, {"model": "events.event", "pk": 1, "fields": {"name": "Operative reciprocal software", "description": "Yard collection help Republican try citizen. Really street share method certainly. Music word whether bad create.\nDescribe today fish reason hundred trade.", "date": "2025-11-26", "time": "06:32:32", "location": "594 Jennifer Terrace Apt. 074Robertoton, PW 91424", "category": 3}}, {"model": "events.event", "pk": 2, "fields": {"name": "Optimized even-keeled initiative", "description": "Fact try personal concern result pattern. Capital grow per close.\nScientist relationship present oil wish include power. Himself ask reflect consumer.", "date": "2025-10-31", "time": "14:07:21", "location": "Unit 0246 Box 9563\nDPO AP 86468", "category": 1}}, {"model": "events.event", "pk": 3, "fields": {"name": "Stand-alone impactful service-desk", "description": "History what have three whatever. Travel put feel. Just story commercial she billion author part.\nMany company fall court note important wall. Picture include PM.", "date": "2025-11-27", "time": "19:47:17", "location": "84133 Waters Stravenue\nSouth Kathleenshire, NE 21949", "category": 2}}, {"model": "events.event", "pk": 4, "fields": {"name": "Business-focused system-worthy secured line", "description": "Long throughout task market office seem pass. Large memory try number high. Plant want author.\nAmerican hundred sport pressure.", "date": "2025-11-01", "time": "20:17:13", "location": "24704 Michael Plains\nBrandonhaven, GA 57111", "category": 4}}, {"model": "events.event", "pk": 5, "fields": {"name": "Enterprise-wide 6thgeneration benchmark", "description": "Box allow ten end. Election within sit help shoulder mean certainly film.\nHope way key deal hair light thank. Order present include.", "date": "2025-12-10", "time": "12:14:10", "location": "13839 Fox Crescent Apt. 035\nEast Seanberg, NY 01854", "category": 6}}, {"model": "events.event", "pk": 6, "fields": {"name": "Innovative foreground definition", "description": "Lead brother air simply cause pay price lose. Include hard main Congress manage cell around. Fast law free box fact more.", "date": "2025-12-06", "time": "22:37:31", "location": "99457 James Harbor Apt. 748\nNorth Thomasland, KY 19939", "category": 4}}, {"model": "events.event", "pk": 7, "fields": {"name": "Stand-alone disintermediate artificial intelligence", "description": "Add new election prove part. Nation structure factor town unit family us.\nInclude opportunity yes performance school. Common other write product.", "date": "2025-11-18", "time": "05:53:23", "location": "15917 Jackson Cape Suite 937\nPort Miketon, AS 64198", "category": 3}}, {"model": "events.event", "pk": 8, "fields": {"name": "Quality-focused intangible installation", "description": "Live wife garden race above allow interest shake. Trial thing wish nor time.\nParticipant same natural opportunity. Tend product bar sit exactly. So hotel interesting friend event continue appear.", "date": "2025-12-05", "time": "19:34:15", "location": "04772 Stewart Union Suite 613\nEast Mark, FL 04255", "category": 5}}, {"model": "events.event", "pk": 9, "fields": {"name": "Re-contextualized 5thgeneration contingency", "description": "Field candidate story few letter might material yourself.\nBoy sport moment. Ball election work list. Report however example serious talk school indicate.", "date": "2025-11-04", "time": "22:13:36", "location": "26815 Lisa Crossing Apt. 114\nEast Dorisfort, PA 08419", "category": 2}}, {"model": "events.event", "pk": 10, "fields": {"name": "User-centric holistic Local Area Network", "description": "Physical worry a. Which public radio really game ability.\nDemocrat exactly law kind. Fire answer that who part begin. Wide life thank owner almost.", "date": "2025-11-18", "time": "23:59:27", "location": "659 Erika Glens Suite 630\nThomasbury, OK 13711", "category": 6}}, {"model": "events.event", "pk": 11, "fields": {"name": "Synergized transitional process improvement", "description": "Mention raise same rate thus gun. Whom tonight role staff say.\nLay size learn eye. Of air successful.\nRequire trade year contain.", "date": "2025-11-26", "time": "08:20:36", "location": "5363 Shawn Crescent Suite 617\nNew Gwendolynshire, MI 32645", "category": 1}}, {"model": "events.event", "pk": 12, "fields": {"name": "Synergized full-range database", "description": "Fly term as economy wish anyone piece. Life act movement accept training break. Clear here Democrat always charge.\nHe today scene show visit. Measure either determine lead type hair receive.", "date": "2025-11-09", "time": "02:46:03", "location": "376 Hanson Greens\nSouth Cynthia, ID 44479", "category": 2}}, {"model": "events.event", "pk": 13, "fields": {"name": "User-friendly analyzing neural-net", "description": "Success still man too really. Movement probably success structure. Road hear party which trade chair.\nConcern physical reduce. Herself action most hospital prove.", "date": "2025-12-01", "time": "19:10:38", "location": "36660 Smith Landing Suite 056\nBreannahaven, MN 63328", "category": 4}}, {"model": "events.event", "pk": 14, "fields": {"name": "Extended empowering matrix", "description": "Yes enjoy read across.\nOver assume according help. Reduce major commercial perhaps nice save little.\nClose eye bar Mrs hand around. Seat so more mouth.", "date": "2025-11-07", "time": "06:22:34", "location": "8669 Steele Wells\nWest Laura, VT 52666", "category": 1}}, {"model": "events.event", "pk": 15, "fields": {"name": "Extended dedicated conglomeration", "description": "She opportunity artist staff miss politics. Media across whole attack him perform manage. Source general give toward bed bar father they.", "date": "2025-12-10", "time": "06:19:37", "location": "26763 Schultz Creek\nMelvinville, LA 61500", "category": 3}}, {"model": "events.event", "pk": 16, "fields": {"name": "Visionary foreground service-desk", "description": "Cost you indeed one lawyer. Himself image light accept seven develop collection. Season determine where.", "date": "2025-12-11", "time": "03:33:33", "location": "5993 Joshua Manors\nWest Christopher, ID 89145", "category": 1}}, {"model": "events.event", "pk": 17, "fields": {"name": "Up-sized web-enabled software", "description": "Level power white thought decide. Such on all trouble market give building.\nBuilding good American whom. Democrat could type military across back then.", "date": "2025-12-09", "time": "01:59:41", "location": "25696 Erik Ports\nKendrahaven, GA 85791", "category": 6}}, {"model": "events.event", "pk": 18, "fields": {"name": "Grass-roots bi-directional secured line", "description": "Star alone detail blood protect environment. Pretty prove plan middle hair simply power. Act star side with ahead book theory.", "date": "2025-12-11", "time": "02:56:29", "location": "Unit 1102 Box 9672\nDPO AE 24939", "category": 6}}, {"model": "events.event", "pk": 19, "fields": {"name": "Profound composite firmware", "description": "To fill while hair wrong whether somebody. Bag son we space any.\nEnvironment beat husband suffer leave must task. Ago cut join store water.", "date": "2025-11-14", "time": "01:00:10", "location": "473 Michael Brook\nAllisonfurt, GU 16102", "category": 5}}, {"model": "events.event", "pk": 20, "fields": {"name": "Proactive tangible interface", "description": "Central player clear theory list investment fund authority. Seven identify meet person peace subject her. Throughout thank others drug.", "date": "2025-12-04", "time": "21:25:29", "location": "4270 Johnson Canyon\nWest Mitchellfurt, AR 85034", "category": 5}}, {"model": "events.event", "pk": 21, "fields": {"name": "Science Fest", "description": "Niceeeee fest", "date": "2025-12-01", "time": "15:02:00", "location": "Sylhet", "category": 1}}, {"model": "events.event", "pk": 22, "fields": {"name": "Science Fest 2", "description": "2nd science fest for College", "date": "2025-11-30", "time": "23:23:00", "location": "Danmodi", "category": 1}}, {"model": "events.event", "pk": 23, "fields": {"name": "Book fair", "description": "For the month of February 2026 a book fair will be organized", "date": "2026-02-01", "time": "09:10:00", "location": "Bangla Academy, Dhaka University", "category": 2}}, {"model": "events.event", "pk": 24, "fields": {"name": "Book fair2", "description": "For the month of February 2026 a book fair will be organized", "date": "2026-02-01", "time": "09:10:00", "location": "Bangla Academy, Dhaka University", "category": 2}}, {"model": "events.event", "pk": 25, "fields": {"name": "Badminton Final match", "description": "badminton final match event will be organized", "date": "2025-12-03", "time": "22:25:00", "location": "Baridhara DOHS park, Gulshan-2, Dhaka-1212", "category": 4}}, {"model": "events.event", "pk": 26, "fields": {"name": "Winter Cake fair", "description": "This is a winter pitha mela at baridhara convention hall", "date": "2025-12-08", "time": "22:33:00", "location": "Baridhara DOHS, R-1, Convention Hall, Gulshan-2, Dhaka", "category": 2}}, {"model": "events.event", "pk": 27, "fields": {"name": "Winter Cake fair2", "description": "winter pithaaaaaaaa melaaaaaa", "date": "2025-12-08", "time": "23:07:00", "location": "Danmondi, Dhaka", "category": 2}}, {"model": "events.participant", "pk": 1, "fields": {"name": "Daniel Carter", "email": "paul97@example.net", "events": [10, 11, 18, 19, 20]}}, {"model": "events.participant", "pk": 2, "fields": {"name": "Adam Rodgers", "email": "hughesfrances@example.net", "events": [5, 19, 20]}}, {"model": "events.participant", "pk": 3, "fields": {"name": "Kathleen Thomas", "email": "aaroncalhoun@example.net", "events": [3, 4, 10, 15]}}, {"model": "events.participant", "pk": 4, "fields": {"name": "Crystal Gonzalez", "email": "tracyrivera@example.net", "events": [8, 19, 20]}}, {"model": "events.participant", "pk": 5, "fields": {"name": "Sandra Hart", "email": "sophiarhodes@example.net", "events": [14]}}, {"model": "events.participant", "pk": 6, "fields": {"name": "Leslie Serrano", "email": "loganmalone@example.com", "events": [7, 8, 12]}}, {"model": "events.participant", "pk": 7, "fields": {"name": "Dr. Jordan Howard", "email": "mossjack@example.org", "events": [11]}}, {"model": "events.participant", "pk": 8, "fields": {"name": "Briana Barrett", "email": "mshea@example.net", "events": [2, 5]}}, {"model": "events.participant", "pk": 9, "fields": {"name": "James Reed", "email": "angela23@example.org", "events": [2, 4, 13, 14]}}, {"model": "events.participant", "pk": 10, "fields": {"name": "Cynthia Burgess", "email": "jamesellison@example.org", "events": [3, 5, 8, 12, 20]}}, {"model": "events.participant", "pk": 11, "fields": {"name": "Javier Adams", "email": "morrowrobert@example.net", "events": [2, 12, 14]}}, {"model": "events.participant", "pk": 12, "fields": {"name": "Gerald Johnson", "email": "judytate@example.org", "events": [2, 16, 18, 19]}}, {"model": "events.participant", "pk": 13, "fields": {"name": "Michele Chase MD", "email": "tim15@example.org", "events": [14, 18]}}, {"model": "events.participant", "pk": 14, "fields": {"name": "Olivia Carpenter", "email": "yharrison@example.net", "events": [8, 17]}}, {"model": "events.participant", "pk": 15, "fields": {"name": "Timothy Reynolds", "email": "jeffery12@example.net", "events": [8, 9, 11, 15, 16]}}, {"model": "events.participant", "pk": 16, "fields": {"name": "Sandra Ray", "email": "robin82@example.com", "events": [5]}}, {"model": "events.participant", "pk": 17, "fields": {"name": "Michelle Wilson DDS", "email": "kimberly65@example.org", "events": [9, 1]}}, {"model": "events.participant", "pk": 18, "fields": {"name": "Vicki Hamilton", "email": "charles02@example.net", "events": [12, 17]}}, {"model": "events.participant", "pk": 19, "fields": {"name": "Leroy Cunningham", "email": "danielkelly@example.net", "events": [7, 16, 19]}}, {"model": "events.participant", "pk": 20, "fields": {"name": "Brandon Pope", "email": "xthornton@example.org", "events": [6, 7, 11, 13, 20]}}, {"model": "events.participant", "pk": 21, "fields": {"name": "Kenneth Rush", "email": "samantha06@example.org", "events": [5, 8, 12, 15]}}, {"model": "events.participant", "pk": 22, "fields": {"name": "Heather Simmons", "email": "buckleydonna@example.net", "events": [17, 18]}}, {"model": "events.participant", "pk": 23, "fields": {"name": "John Hartman", "email": "julia65@example.com", "events": [10, 14]}}, {"model": "events.participant", "pk": 24, "fields": {"name": "Patrick Rivera", "email": "elizabeth70@example.com", "events": [3, 14]}}, {"model": "events.participant", "pk": 25, "fields": {"name": "Donald Bush", "email": "ortizjoseph@example.net", "events": [3]}}, {"model": "events.participant", "pk": 26, "fields": {"name": "Kevin Houston", "email": "aguzman@example.net", "events": [2, 6, 11, 17, 1]}}, {"model": "events.participant", "pk": 27, "fields": {"name": "Scott Thomas", "email": "cfletcher@example.org", "events": [8, 12, 20]}}, {"model": "events.participant", "pk": 28, "fields": {"name": "Jeffrey Sparks", "email": "ryan53@example.net", "events": [1]}}, {"model": "events.participant", "pk": 29, "fields": {"name": "Clifford Cooper", "email": "jenningsjoseph@example.com", "events": [7, 14, 17]}}, {"model": "events.participant", "pk": 30, "fields": {"name": "Charles Gray", "email": "mike43@example.com", "events": [3, 12]}}, {"model": "events.participant", "pk": 31, "fields": {"name": "Rifat", "email": "najimullahrifat@gmail.com", "events": [24, 2, 5]}}, {"model": "events.participant", "pk": 34, "fields": {"name": "Najim", "email": "abc@gmail.com", "events": [24, 21, 22, 23]}}, {"model": "events.participant", "pk": 36, "fields": {"name": "Akram Ahmed", "email": "akram@gmail.com", "events": [25, 21, 22]}}]